Workbook

Sheet Student_Data
A1: Student_ID | B1: Name | C1: Branch | D1: Course | E1: Marks | F1: Attendance_% | G1: Fees_Paid | H1: Gender | I1: Result | J1: Feedback | K1: Grade | L1: marks>60 att>70 | M1: mk>90 or att>90 | N1: Eligible or not eligible | O1: Scollership
A2: 1001 | B2: Aarav | C2: Pune | D2: DA | E2: 45 | F2: 60 | G2: 20000 | H2: Male | I2: =IF(Student_Data!E2>=50,"Pass","Fail") -> Fail | J2: =IF(E2>80,"Excellent","Need inprovements") -> Need inprovements | K2: =ifs(E2>=90,"A",E2>=80,"B",E2>=70,"C",E2>=60,"D",E2<60,"Fail") -> #NAME? | L2: =AND(E2>=60,F2>=75) -> FALSE | M2: =OR(E2>90,F2>90) -> FALSE | N2: =IF(AND(E2>80,F2>80),"Eligible","Not eligible") -> Not eligible | O2: =IF(OR(E2>80,F2>80),"Eligible","Not eligible") -> Not eligible
A3: 1002 | B3: Vivaan | C3: Nagpur | D3: Python | E3: 48 | F3: 65 | G3: 21750 | H3: Female | I3: =IF(Student_Data!E3>=50,"Pass","Fail") -> Fail | J3: =IF(E3>80,"Excellent","Need inprovements") -> Need inprovements | L3: =AND(E3>=60,F3>=75) -> FALSE | M3: =OR(E3>90,F3>90) -> FALSE | N3: =IF(AND(E3>80,F3>80),"Eligible","Not eligible") -> Not eligible | O3: =IF(OR(E3>80,F3>80),"Eligible","Not eligible") -> Not eligible
A4: 1003 | B4: Aditya | C4: Mumbai | D4: Java | E4: 51 | F4: 70 | G4: 23500 | H4: Male | I4: =IF(Student_Data!E4>=50,"Pass","Fail") -> Pass | J4: =IF(E4>80,"Excellent","Need inprovements") -> Need inprovements | L4: =AND(E4>=60,F4>=75) -> FALSE | M4: =OR(E4>90,F4>90) -> FALSE | N4: =IF(AND(E4>80,F4>80),"Eligible","Not eligible") -> Not eligible | O4: =IF(OR(E4>80,F4>80),"Eligible","Not eligible") -> Not eligible | Q4: total_marks | R4: =SUM(E2:E31) -> 2039
A5: 1004 | B5: Vihaan | C5: Pune | D5: Testing | E5: 54 | F5: 75 | G5: 25250 | H5: Female | I5: =IF(Student_Data!E5>=50,"Pass","Fail") -> Pass | J5: =IF(E5>80,"Excellent","Need inprovements") -> Need inprovements | L5: =AND(E5>=60,F5>=75) -> FALSE | M5: =OR(E5>90,F5>90) -> FALSE | N5: =IF(AND(E5>80,F5>80),"Eligible","Not eligible") -> Not eligible | O5: =IF(OR(E5>80,F5>80),"Eligible","Not eligible") -> Not eligible | Q5: Avg_marks | R5: =AVERAGE(E2:E31) -> 67.966667
A6: 1005 | B6: Arjun | C6: Nagpur | D6: DA | E6: 57 | F6: 80 | G6: 27000 | H6: Male | I6: =IF(Student_Data!E6>=50,"Pass","Fail") -> Pass | J6: =IF(E6>80,"Excellent","Need inprovements") -> Need inprovements | L6: =AND(E6>=60,F6>=75) -> FALSE | M6: =OR(E6>90,F6>90) -> FALSE | N6: =IF(AND(E6>80,F6>80),"Eligible","Not eligible") -> Not eligible | O6: =IF(OR(E6>80,F6>80),"Eligible","Not eligible") -> Not eligible | Q6: Highest_marks | R6: =MAX(E2:E31) -> 99
A7: 1006 | B7: Sai | C7: Mumbai | D7: Python | E7: 60 | F7: 85 | G7: 28750 | H7: Female | I7: =IF(Student_Data!E7>=50,"Pass","Fail") -> Pass | J7: =IF(E7>80,"Excellent","Need inprovements") -> Need inprovements | L7: =AND(E7>=60,F7>=75) -> TRUE | M7: =OR(E7>90,F7>90) -> FALSE | N7: =IF(AND(E7>80,F7>80),"Eligible","Not eligible") -> Not eligible | O7: =IF(OR(E7>80,F7>80),"Eligible","Not eligible") -> Eligible | Q7: Min_marks | R7: =MIN(E2:E31) -> 45
A8: 1007 | B8: Riya | C8: Pune | D8: Java | E8: 63 | F8: 90 | G8: 30500 | H8: Male | I8: =IF(Student_Data!E8>=50,"Pass","Fail") -> Pass | J8: =IF(E8>80,"Excellent","Need inprovements") -> Need inprovements | L8: =AND(E8>=60,F8>=75) -> TRUE | M8: =OR(E8>90,F8>90) -> FALSE | N8: =IF(AND(E8>80,F8>80),"Eligible","Not eligible") -> Not eligible | O8: =IF(OR(E8>80,F8>80),"Eligible","Not eligible") -> Eligible | Q8: Total_count | R8: =COUNT(E2:E31) -> 30
A9: 1008 | B9: Priya | C9: Nagpur | D9: Testing | E9: 66 | F9: 95 | G9: 32250 | H9: Female | I9: =IF(Student_Data!E9>=50,"Pass","Fail") -> Pass | J9: =IF(E9>80,"Excellent","Need inprovements") -> Need inprovements | L9: =AND(E9>=60,F9>=75) -> TRUE | M9: =OR(E9>90,F9>90) -> TRUE | N9: =IF(AND(E9>80,F9>80),"Eligible","Not eligible") -> Not eligible | O9: =IF(OR(E9>80,F9>80),"Eligible","Not eligible") -> Eligible | Q9: not_null | R9: =COUNTA(E2:E31) -> 30
A10: 1009 | B10: Neha | C10: Mumbai | D10: DA | E10: 69 | F10: 100 | G10: 34000 | H10: Male | I10: =IF(Student_Data!E10>=50,"Pass","Fail") -> Pass | J10: =IF(E10>80,"Excellent","Need inprovements") -> Need inprovements | L10: =AND(E10>=60,F10>=75) -> TRUE | M10: =OR(E10>90,F10>90) -> TRUE | N10: =IF(AND(E10>80,F10>80),"Eligible","Not eligible") -> Not eligible | O10: =IF(OR(E10>80,F10>80),"Eligible","Not eligible") -> Eligible | Q10: count blanks | R10: =COUNTBLANK(F2:F31) -> 0
A11: 1010 | B11: Ananya | C11: Pune | D11: Python | E11: 72 | F11: 64 | G11: 35750 | H11: Female | I11: =IF(Student_Data!E11>=50,"Pass","Fail") -> Pass | J11: =IF(E11>80,"Excellent","Need inprovements") -> Need inprovements | L11: =AND(E11>=60,F11>=75) -> FALSE | M11: =OR(E11>90,F11>90) -> FALSE | N11: =IF(AND(E11>80,F11>80),"Eligible","Not eligible") -> Not eligible | O11: =IF(OR(E11>80,F11>80),"Eligible","Not eligible") -> Not eligible | Q11: count if marks > 80 | R11: =COUNTIF(E2:E31,">80") -> 7
A12: 1011 | B12: Rohit | C12: Nagpur | D12: Java | E12: 75 | F12: 69 | G12: 37500 | H12: Male | I12: =IF(Student_Data!E12>=50,"Pass","Fail") -> Pass | J12: =IF(E12>80,"Excellent","Need inprovements") -> Need inprovements | L12: =AND(E12>=60,F12>=75) -> FALSE | M12: =OR(E12>90,F12>90) -> FALSE | N12: =IF(AND(E12>80,F12>80),"Eligible","Not eligible") -> Not eligible | O12: =IF(OR(E12>80,F12>80),"Eligible","Not eligible") -> Not eligible | Q12: student from pune | R12: =COUNTIF(C2:C31,"Pune") -> 10
A13: 1012 | B13: Karan | C13: Mumbai | D13: Testing | E13: 78 | F13: 74 | G13: 39250 | H13: Female | I13: =IF(Student_Data!E13>=50,"Pass","Fail") -> Pass | J13: =IF(E13>80,"Excellent","Need inprovements") -> Need inprovements | L13: =AND(E13>=60,F13>=75) -> FALSE | M13: =OR(E13>90,F13>90) -> FALSE | N13: =IF(AND(E13>80,F13>80),"Eligible","Not eligible") -> Not eligible | O13: =IF(OR(E13>80,F13>80),"Eligible","Not eligible") -> Not eligible | Q13: DA | R13: =COUNTIF(D2:D31,"DA") -> 8
A14: 1013 | B14: Sneha | C14: Pune | D14: DA | E14: 81 | F14: 79 | G14: 41000 | H14: Male | I14: =IF(Student_Data!E14>=50,"Pass","Fail") -> Pass | J14: =IF(E14>80,"Excellent","Need inprovements") -> Excellent | L14: =AND(E14>=60,F14>=75) -> TRUE | M14: =OR(E14>90,F14>90) -> FALSE | N14: =IF(AND(E14>80,F14>80),"Eligible","Not eligible") -> Not eligible | O14: =IF(OR(E14>80,F14>80),"Eligible","Not eligible") -> Eligible | Q14: marks>70 att>80 | R14: =COUNTIFS(E2:E31,">70",F2:F31,">80") -> 5
A15: 1014 | B15: Pooja | C15: Nagpur | D15: Python | E15: 84 | F15: 84 | G15: 42750 | H15: Female | I15: =IF(Student_Data!E15>=50,"Pass","Fail") -> Pass | J15: =IF(E15>80,"Excellent","Need inprovements") -> Excellent | L15: =AND(E15>=60,F15>=75) -> TRUE | M15: =OR(E15>90,F15>90) -> FALSE | N15: =IF(AND(E15>80,F15>80),"Eligible","Not eligible") -> Eligible | O15: =IF(OR(E15>80,F15>80),"Eligible","Not eligible") -> Eligible | Q15: female from nagpur | R15: =COUNTIFS(H2:H31,"Female",C2:C31,C30) -> 5
A16: 1015 | B16: Rahul | C16: Mumbai | D16: Java | E16: 87 | F16: 89 | G16: 44500 | H16: Male | I16: =IF(Student_Data!E16>=50,"Pass","Fail") -> Pass | J16: =IF(E16>80,"Excellent","Need inprovements") -> Excellent | L16: =AND(E16>=60,F16>=75) -> TRUE | M16: =OR(E16>90,F16>90) -> FALSE | N16: =IF(AND(E16>80,F16>80),"Eligible","Not eligible") -> Eligible | O16: =IF(OR(E16>80,F16>80),"Eligible","Not eligible") -> Eligible | Q16: paid fees - pune | R16: =SUMIF(C2:C31,C29,G2:G31) -> 316246
A17: 1016 | B17: Aditi | C17: Pune | D17: Testing | E17: 90 | F17: 94 | G17: 46250 | H17: Female | I17: =IF(Student_Data!E17>=50,"Pass","Fail") -> Pass | J17: =IF(E17>80,"Excellent","Need inprovements") -> Excellent | L17: =AND(E17>=60,F17>=75) -> TRUE | M17: =OR(E17>90,F17>90) -> TRUE | N17: =IF(AND(E17>80,F17>80),"Eligible","Not eligible") -> Eligible | O17: =IF(OR(E17>80,F17>80),"Eligible","Not eligible") -> Eligible | Q17: paid fees - py | R17: =SUMIF(D2:D31,D31,G2:G31) -> 279997
A18: 1017 | B18: Isha | C18: Nagpur | D18: DA | E18: 93 | F18: 99 | G18: 48000 | H18: Male | I18: =IF(Student_Data!E18>=50,"Pass","Fail") -> Pass | J18: =IF(E18>80,"Excellent","Need inprovements") -> Excellent | L18: =AND(E18>=60,F18>=75) -> TRUE | M18: =OR(E18>90,F18>90) -> TRUE | N18: =IF(AND(E18>80,F18>80),"Eligible","Not eligible") -> Eligible | O18: =IF(OR(E18>80,F18>80),"Eligible","Not eligible") -> Eligible | Q18: branch-pune c -DA | R18: =SUMIFS(G2:G31,C2:C31,C29,D2:D31,D30) -> 92999
A19: 1018 | B19: Meera | C19: Mumbai | D19: Python | E19: 96 | F19: 63 | G19: 49750 | H19: Female | I19: =IF(Student_Data!E19>=50,"Pass","Fail") -> Pass | J19: =IF(E19>80,"Excellent","Need inprovements") -> Excellent | L19: =AND(E19>=60,F19>=75) -> FALSE | M19: =OR(E19>90,F19>90) -> TRUE | N19: =IF(AND(E19>80,F19>80),"Eligible","Not eligible") -> Not eligible | O19: =IF(OR(E19>80,F19>80),"Eligible","Not eligible") -> Eligible | Q19: marks>=75 att>=80 | R19: =SUMIFS(Student_Data!G2:G31,Student_Data!E2:E31,">=75",F2:F31,">=80") -> 222249
A20: 1019 | B20: Yash | C20: Pune | D20: Java | E20: 99 | F20: 68 | G20: 21499 | H20: Male | I20: =IF(Student_Data!E20>=50,"Pass","Fail") -> Pass | J20: =IF(E20>80,"Excellent","Need inprovements") -> Excellent | L20: =AND(E20>=60,F20>=75) -> FALSE | M20: =OR(E20>90,F20>90) -> TRUE | N20: =IF(AND(E20>80,F20>80),"Eligible","Not eligible") -> Not eligible | O20: =IF(OR(E20>80,F20>80),"Eligible","Not eligible") -> Eligible | Q20: avg fee - pune | R20: =AVERAGEIF(C2:C31,C29,G2:G31) -> 31624.6
A21: 1020 | B21: Om | C21: Nagpur | D21: Testing | E21: 46 | F21: 73 | G21: 23249 | H21: Female | I21: =IF(Student_Data!E21>=50,"Pass","Fail") -> Fail | J21: =IF(E21>80,"Excellent","Need inprovements") -> Need inprovements | L21: =AND(E21>=60,F21>=75) -> FALSE | M21: =OR(E21>90,F21>90) -> FALSE | N21: =IF(AND(E21>80,F21>80),"Eligible","Not eligible") -> Not eligible | O21: =IF(OR(E21>80,F21>80),"Eligible","Not eligible") -> Not eligible | Q21: avg mrks -DA | R21: =AVERAGEIF(D2:D31,D30,E2:E31) -> 66
A22: 1021 | B22: Sahil | C22: Mumbai | D22: DA | E22: 49 | F22: 78 | G22: 24999 | H22: Male | I22: =IF(Student_Data!E22>=50,"Pass","Fail") -> Fail | J22: =IF(E22>80,"Excellent","Need inprovements") -> Need inprovements | L22: =AND(E22>=60,F22>=75) -> FALSE | M22: =OR(E22>90,F22>90) -> FALSE | N22: =IF(AND(E22>80,F22>80),"Eligible","Not eligible") -> Not eligible | O22: =IF(OR(E22>80,F22>80),"Eligible","Not eligible") -> Not eligible
A23: 1022 | B23: Tanvi | C23: Pune | D23: Python | E23: 52 | F23: 83 | G23: 26749 | H23: Female | I23: =IF(Student_Data!E23>=50,"Pass","Fail") -> Pass | J23: =IF(E23>80,"Excellent","Need inprovements") -> Need inprovements | L23: =AND(E23>=60,F23>=75) -> FALSE | M23: =OR(E23>90,F23>90) -> FALSE | N23: =IF(AND(E23>80,F23>80),"Eligible","Not eligible") -> Not eligible | O23: =IF(OR(E23>80,F23>80),"Eligible","Not eligible") -> Eligible
A24: 1023 | B24: Kavya | C24: Nagpur | D24: Java | E24: 55 | F24: 88 | G24: 28499 | H24: Male | I24: =IF(Student_Data!E24>=50,"Pass","Fail") -> Pass | J24: =IF(E24>80,"Excellent","Need inprovements") -> Need inprovements | L24: =AND(E24>=60,F24>=75) -> FALSE | M24: =OR(E24>90,F24>90) -> FALSE | N24: =IF(AND(E24>80,F24>80),"Eligible","Not eligible") -> Not eligible | O24: =IF(OR(E24>80,F24>80),"Eligible","Not eligible") -> Eligible
A25: 1024 | B25: Nikhil | C25: Mumbai | D25: Testing | E25: 58 | F25: 93 | G25: 30249 | H25: Female | I25: =IF(Student_Data!E25>=50,"Pass","Fail") -> Pass | J25: =IF(E25>80,"Excellent","Need inprovements") -> Need inprovements | L25: =AND(E25>=60,F25>=75) -> FALSE | M25: =OR(E25>90,F25>90) -> TRUE | N25: =IF(AND(E25>80,F25>80),"Eligible","Not eligible") -> Not eligible | O25: =IF(OR(E25>80,F25>80),"Eligible","Not eligible") -> Eligible
A26: 1025 | B26: Akash | C26: Pune | D26: DA | E26: 61 | F26: 98 | G26: 31999 | H26: Male | I26: =IF(Student_Data!E26>=50,"Pass","Fail") -> Pass | J26: =IF(E26>80,"Excellent","Need inprovements") -> Need inprovements | L26: =AND(E26>=60,F26>=75) -> TRUE | M26: =OR(E26>90,F26>90) -> TRUE | N26: =IF(AND(E26>80,F26>80),"Eligible","Not eligible") -> Not eligible | O26: =IF(OR(E26>80,F26>80),"Eligible","Not eligible") -> Eligible
A27: 1026 | B27: Sakshi | C27: Nagpur | D27: Python | E27: 64 | F27: 62 | G27: 33749 | H27: Female | I27: =IF(Student_Data!E27>=50,"Pass","Fail") -> Pass | J27: =IF(E27>80,"Excellent","Need inprovements") -> Need inprovements | L27: =AND(E27>=60,F27>=75) -> FALSE | M27: =OR(E27>90,F27>90) -> FALSE | N27: =IF(AND(E27>80,F27>80),"Eligible","Not eligible") -> Not eligible | O27: =IF(OR(E27>80,F27>80),"Eligible","Not eligible") -> Not eligible
A28: 1027 | B28: Manav | C28: Mumbai | D28: Java | E28: 67 | F28: 67 | G28: 35499 | H28: Male | I28: =IF(Student_Data!E28>=50,"Pass","Fail") -> Pass | J28: =IF(E28>80,"Excellent","Need inprovements") -> Need inprovements | L28: =AND(E28>=60,F28>=75) -> FALSE | M28: =OR(E28>90,F28>90) -> FALSE | N28: =IF(AND(E28>80,F28>80),"Eligible","Not eligible") -> Not eligible | O28: =IF(OR(E28>80,F28>80),"Eligible","Not eligible") -> Not eligible
A29: 1028 | B29: Aryan | C29: Pune | D29: Testing | E29: 70 | F29: 72 | G29: 37249 | H29: Female | I29: =IF(Student_Data!E29>=50,"Pass","Fail") -> Pass | J29: =IF(E29>80,"Excellent","Need inprovements") -> Need inprovements | L29: =AND(E29>=60,F29>=75) -> FALSE | M29: =OR(E29>90,F29>90) -> FALSE | N29: =IF(AND(E29>80,F29>80),"Eligible","Not eligible") -> Not eligible | O29: =IF(OR(E29>80,F29>80),"Eligible","Not eligible") -> Not eligible
A30: 1029 | B30: Harsh | C30: Nagpur | D30: DA | E30: 73 | F30: 77 | G30: 38999 | H30: Male | I30: =IF(Student_Data!E30>=50,"Pass","Fail") -> Pass | J30: =IF(E30>80,"Excellent","Need inprovements") -> Need inprovements | L30: =AND(E30>=60,F30>=75) -> TRUE | M30: =OR(E30>90,F30>90) -> FALSE | N30: =IF(AND(E30>80,F30>80),"Eligible","Not eligible") -> Not eligible | O30: =IF(OR(E30>80,F30>80),"Eligible","Not eligible") -> Not eligible
A31: 1030 | B31: Vaishnavi | C31: Mumbai | D31: Python | E31: 76 | F31: 82 | G31: 40749 | H31: Female | I31: =IF(Student_Data!E31>=50,"Pass","Fail") -> Pass | J31: =IF(E31>80,"Excellent","Need inprovements") -> Need inprovements | L31: =AND(E31>=60,F31>=75) -> TRUE | M31: =OR(E31>90,F31>90) -> FALSE | N31: =IF(AND(E31>80,F31>80),"Eligible","Not eligible") -> Not eligible | O31: =IF(OR(E31>80,F31>80),"Eligible","Not eligible") -> Eligible

Sheet Practice_Tasks
A1: Excel Function Practice Tasks
A2: 1. Calculate Total Marks using SUM.
A3: 2. Calculate Average Marks using AVERAGE.
A4: 3. Find Highest Marks using MAX.
A5: 4. Find Lowest Marks using MIN.
A6: 5. Count total students using COUNT.
A7: 6. Count non-empty names using COUNTA.
A8: 7. Count blank cells using COUNTBLANK (create few blanks).
A9: 8. Count students with Marks > 80 using COUNTIF.
A10: 9. Count students from Pune using COUNTIF.
A11: 10. Count students in DA course using COUNTIF. | K11: =COUNTIF(E2:E31,Practice_Tasks!A9:E9+Practice_Tasks!E9) -> 0
A12: 11. Count students with Marks >70 and Attendance >80 using COUNTIFS.
A13: 12. Count Female students from Nagpur using COUNTIFS.
A14: 13. Sum Fees Paid for Pune branch using SUMIF.
A15: 14. Sum Fees Paid for Python course using SUMIF.
A16: 15. Sum Fees Paid where Branch=Pune and Course=DA using SUMIFS.
A17: 16. Sum Fees Paid where Marks>=75 and Attendance>=80 using SUMIFS.
A18: 17. Use IF to display Pass/Fail (Pass>=50).
A19: 18. Use IF to display Excellent/Needs Improvement.
A20: 19. Use IFS for Grades (A,B,C,D).
A21: 20. Use AND to check Marks>=60 AND Attendance>=75.
A22: 21. Use OR to check Marks>=90 OR Attendance>=90.
A23: 22. Use IF with AND to display Eligible/Not Eligible.
... A26: 25. Find average marks for DA course using AVERAGEIFS.
