Workbook

Sheet Sheet1
A1: Student_ID | B1: Name | C1: Branch | D1: Course | E1: Marks | F1: Attendance_% | G1: Fees_Paid | H1: Gender | I1: Lower name | J1: Upper name | K1: Concat | L1: proper | M1: left | N1: right | O1: mid | P1: substitude | Q1: Replace
A2: 1001 | B2: Aarav | C2: Pune | D2: DA | E2: 45 | F2: 60 | G2: 20000 | H2: Male | I2: =LOWER(B2) -> aarav | J2: =UPPER(B2) -> AARAV | K2: =CONCATENATE(B2," ",C2) -> Aarav Pune | L2: =PROPER(K2) -> Aarav Pune | M2: =LEFT(L2,3) -> Aar | N2: =RIGHT(L2,4) -> Pune | O2: =MID(L2,3,3) -> rav | P2: =SUBSTITUTE(L2,"Pune","Karve nagar") -> Aarav Karve nagar | Q2: =REPLACE(L2,2,4,"Hello") -> AHello Pune
A3: 1002 | B3: Vivaan | C3: Nagpur | D3: Python | E3: 48 | F3: 65 | G3: 21750 | H3: Female | I3: =LOWER(B3) -> vivaan | J3: =UPPER(B3) -> VIVAAN | K3: =CONCATENATE(B3," ",C3) -> Vivaan Nagpur | L3: =PROPER(K3) -> Vivaan Nagpur | M3: =LEFT(L3,3) -> Viv | N3: =RIGHT(L3,4) -> gpur | O3: =MID(L3,3,3) -> vaa | P3: =SUBSTITUTE(L3,"Pune","Karve nagar") -> Vivaan Nagpur | Q3: =REPLACE(L3,2,4,"Hello") -> VHellon Nagpur
A4: 1003 | B4: Aditya | C4: Mumbai | D4: Java | E4: 51 | F4: 70 | G4: 23500 | H4: Male | I4: =LOWER(B4) -> aditya | J4: =UPPER(B4) -> ADITYA | K4: =CONCATENATE(B4," ",C4) -> Aditya Mumbai | L4: =PROPER(K4) -> Aditya Mumbai | M4: =LEFT(L4,3) -> Adi | N4: =RIGHT(L4,4) -> mbai | O4: =MID(L4,3,3) -> ity | P4: =SUBSTITUTE(L4,"Pune","Karve nagar") -> Aditya Mumbai | Q4: =REPLACE(L4,2,4,"Hello") -> AHelloa Mumbai
A5: 1004 | B5: Vihaan | C5: Pune | D5: Testing | E5: 54 | F5: 75 | G5: 25250 | H5: Female | I5: =LOWER(B5) -> vihaan | J5: =UPPER(B5) -> VIHAAN | K5: =CONCATENATE(B5," ",C5) -> Vihaan Pune | L5: =PROPER(K5) -> Vihaan Pune | M5: =LEFT(L5,3) -> Vih | N5: =RIGHT(L5,4) -> Pune | O5: =MID(L5,3,3) -> haa | P5: =SUBSTITUTE(L5,"Pune","Karve nagar") -> Vihaan Karve nagar | Q5: =REPLACE(L5,2,4,"Hello") -> VHellon Pune
A6: 1005 | B6: Arjun | C6: Nagpur | D6: DA | E6: 57 | F6: 80 | G6: 27000 | H6: Male | I6: =LOWER(B6) -> arjun | J6: =UPPER(B6) -> ARJUN | K6: =CONCATENATE(B6," ",C6) -> Arjun Nagpur | L6: =PROPER(K6) -> Arjun Nagpur | M6: =LEFT(L6,3) -> Arj | N6: =RIGHT(L6,4) -> gpur | O6: =MID(L6,3,3) -> jun | P6: =SUBSTITUTE(L6,"Pune","Karve nagar") -> Arjun Nagpur | Q6: =REPLACE(L6,2,4,"Hello") -> AHello Nagpur
A7: 1006 | B7: Sai | C7: Mumbai | D7: Python | E7: 60 | F7: 85 | G7: 28750 | H7: Female | I7: =LOWER(B7) -> sai | J7: =UPPER(B7) -> SAI | K7: =CONCATENATE(B7," ",C7) -> Sai Mumbai | L7: =PROPER(K7) -> Sai Mumbai | M7: =LEFT(L7,3) -> Sai | N7: =RIGHT(L7,4) -> mbai | O7: =MID(L7,3,3) -> i M | P7: =SUBSTITUTE(L7,"Pune","Karve nagar") -> Sai Mumbai | Q7: =REPLACE(L7,2,4,"Hello") -> SHelloumbai
A8: 1007 | B8: Riya | C8: Pune | D8: Java | E8: 63 | F8: 90 | G8: 30500 | H8: Male | I8: =LOWER(B8) -> riya | J8: =UPPER(B8) -> RIYA | K8: =CONCATENATE(B8," ",C8) -> Riya Pune | L8: =PROPER(K8) -> Riya Pune | M8: =LEFT(L8,3) -> Riy | N8: =RIGHT(L8,4) -> Pune | O8: =MID(L8,3,3) -> ya | P8: =SUBSTITUTE(L8,"Pune","Karve nagar") -> Riya Karve nagar | Q8: =REPLACE(L8,2,4,"Hello") -> RHelloPune
A9: 1008 | B9: Priya | C9: Nagpur | D9: Testing | E9: 66 | F9: 95 | G9: 32250 | H9: Female | I9: =LOWER(B9) -> priya | J9: =UPPER(B9) -> PRIYA | K9: =CONCATENATE(B9," ",C9) -> Priya Nagpur | L9: =PROPER(K9) -> Priya Nagpur | M9: =LEFT(L9,3) -> Pri | N9: =RIGHT(L9,4) -> gpur | O9: =MID(L9,3,3) -> iya | P9: =SUBSTITUTE(L9,"Pune","Karve nagar") -> Priya Nagpur | Q9: =REPLACE(L9,2,4,"Hello") -> PHello Nagpur
A10: 1009 | B10: Neha | C10: Mumbai | D10: DA | E10: 69 | F10: 100 | G10: 34000 | H10: Male | I10: =LOWER(B10) -> neha | J10: =UPPER(B10) -> NEHA | K10: =CONCATENATE(B10," ",C10) -> Neha Mumbai | L10: =PROPER(K10) -> Neha Mumbai | M10: =LEFT(L10,3) -> Neh | N10: =RIGHT(L10,4) -> mbai | O10: =MID(L10,3,3) -> ha | P10: =SUBSTITUTE(L10,"Pune","Karve nagar") -> Neha Mumbai | Q10: =REPLACE(L10,2,4,"Hello") -> NHelloMumbai
A11: 1010 | B11: Ananya | C11: Pune | D11: Python | E11: 72 | F11: 64 | G11: 35750 | H11: Female | I11: =LOWER(B11) -> ananya | J11: =UPPER(B11) -> ANANYA | K11: =CONCATENATE(B11," ",C11) -> Ananya Pune | L11: =PROPER(K11) -> Ananya Pune | M11: =LEFT(L11,3) -> Ana | N11: =RIGHT(L11,4) -> Pune | O11: =MID(L11,3,3) -> any | P11: =SUBSTITUTE(L11,"Pune","Karve nagar") -> Ananya Karve nagar | Q11: =REPLACE(L11,2,4,"Hello") -> AHelloa Pune
A12: 1011 | B12: Rohit | C12: Nagpur | D12: Java | E12: 75 | F12: 69 | G12: 37500 | H12: Male | I12: =LOWER(B12) -> rohit | J12: =UPPER(B12) -> ROHIT | K12: =CONCATENATE(B12," ",C12) -> Rohit Nagpur | L12: =PROPER(K12) -> Rohit Nagpur | M12: =LEFT(L12,3) -> Roh | N12: =RIGHT(L12,4) -> gpur | O12: =MID(L12,3,3) -> hit | P12: =SUBSTITUTE(L12,"Pune","Karve nagar") -> Rohit Nagpur | Q12: =REPLACE(L12,2,4,"Hello") -> RHello Nagpur
A13: 1012 | B13: Karan | C13: Mumbai | D13: Testing | E13: 78 | F13: 74 | G13: 39250 | H13: Female | I13: =LOWER(B13) -> karan | J13: =UPPER(B13) -> KARAN | K13: =CONCATENATE(B13," ",C13) -> Karan Mumbai | L13: =PROPER(K13) -> Karan Mumbai | M13: =LEFT(L13,3) -> Kar | N13: =RIGHT(L13,4) -> mbai | O13: =MID(L13,3,3) -> ran | P13: =SUBSTITUTE(L13,"Pune","Karve nagar") -> Karan Mumbai | Q13: =REPLACE(L13,2,4,"Hello") -> KHello Mumbai
... A31: 1030 | B31: Vaishnavi | C31: Mumbai | D31: Python | E31: 76 | F31: 82 | G31: 40749 | H31: Female | I31: =LOWER(B31) -> vaishnavi | J31: =UPPER(B31) -> VAISHNAVI | K31: =CONCATENATE(B31," ",C31) -> Vaishnavi Mumbai | L31: =PROPER(K31) -> Vaishnavi Mumbai | M31: =LEFT(L31,3) -> Vai | N31: =RIGHT(L31,4) -> mbai | O31: =MID(L31,3,3) -> ish | P31: =SUBSTITUTE(L31,"Pune","Karve nagar") -> Vaishnavi Mumbai | Q31: =REPLACE(L31,2,4,"Hello") -> VHellonavi Mumbai

Sheet Sheet2
A1: day | B1: month | C1: year | D1: date | E1: year | F1: month | G1: day | H1: today | I1: now
A2: 5 | B2: 6 | C2: 2024 | D2: =DATE(C2,B2,A2) -> 45448 | E2: =YEAR(D2) -> 2024 | F2: =MONTH(D2) -> 6 | G2: =DAY(D2) -> 5 | H2: =TODAY() -> 46203 | I2: =NOW() -> 46203.723
A3: 6 | B3: 12 | C3: 2004 | D3: =DATE(C3,B3,A3) -> 38327 | E3: =YEAR(D3) -> 2004 | F3: =MONTH(D3) -> 12 | G3: =DAY(D3) -> 6 | H3: =TODAY() -> 46203 | I3: =NOW() -> 46203.723
A4: 23 | B4: 4 | C4: 2023 | D4: =DATE(C4,B4,A4) -> 45039 | E4: =YEAR(D4) -> 2023 | F4: =MONTH(D4) -> 4 | G4: =DAY(D4) -> 23 | H4: =TODAY() -> 46203 | I4: =NOW() -> 46203.723
A5: 18 | B5: 8 | C5: 2020 | D5: =DATE(C5,B5,A5) -> 44061 | E5: =YEAR(D5) -> 2020 | F5: =MONTH(D5) -> 8 | G5: =DAY(D5) -> 18 | H5: =TODAY() -> 46203 | I5: =NOW() -> 46203.723
A6: 9 | B6: 2 | C6: 2002 | D6: =DATE(C6,B6,A6) -> 37296 | E6: =YEAR(D6) -> 2002 | F6: =MONTH(D6) -> 2 | G6: =DAY(D6) -> 9 | H6: =TODAY() -> 46203 | I6: =NOW() -> 46203.723
D10: days | E10: =DATEDIF(D3,D2,"D") -> 7121
D11: month | E11: =DATEDIF(D3,D2,"M") -> 233
D12: year | E12: =DATEDIF(D3,D2,"Y") -> 19

Sheet Sheet3
A1: Student_ID | B1: Name | C1: Branch | D1: Course | E1: Marks | F1: Attendance_% | G1: Fees_Paid | H1: Gender
A2: 1001 | B2: Aarav | C2: Pune | D2: DA | E2: 45 | F2: 60 | G2: 20000 | H2: Male | K2: =VLOOKUP(50,E1:H31,2,TRUE) -> 78
A3: 1020 | B3: Om | C3: Nagpur | D3: Testing | E3: 46 | F3: 73 | G3: 23249 | H3: Female | K3: =VLOOKUP(C6,C1:H31,4,) -> 78
A4: 1002 | B4: Vivaan | C4: Nagpur | D4: Python | E4: 48 | F4: 65 | G4: 21750 | H4: Female | K4: =VLOOKUP(1018,A1:H31,6,FALSE) -> 63
A5: 1021 | B5: Sahil | C5: Mumbai | D5: DA | E5: 49 | F5: 78 | G5: 24999 | H5: Male | J5: vlookup | K5: =VLOOKUP(1010,A1:H31,8,FALSE) -> Female
A6: 1003 | B6: Aditya | C6: Mumbai | D6: Java | E6: 51 | F6: 70 | G6: 23500 | H6: Male | K6: =VLOOKUP(1023,A1:H31,5,FALSE) -> 55
A7: 1022 | B7: Tanvi | C7: Pune | D7: Python | E7: 52 | F7: 83 | G7: 26749 | H7: Female
A8: 1004 | B8: Vihaan | C8: Pune | D8: Testing | E8: 54 | F8: 75 | G8: 25250 | H8: Female | J8: hlookup | K8: =HLOOKUP(103,M8:Q10,2,FALSE) -> pranali | M8: Student_ID | N8: 101 | O8: 102 | P8: 103 | Q8: 104
A9: 1023 | B9: Kavya | C9: Nagpur | D9: Java | E9: 55 | F9: 88 | G9: 28499 | H9: Male | K9: =HLOOKUP(101,M8:Q10,3,FALSE) -> 89 | M9: Name | N9: sakshi | O9: divya | P9: pranali | Q9: amruta
A10: 1005 | B10: Arjun | C10: Nagpur | D10: DA | E10: 57 | F10: 80 | G10: 27000 | H10: Male | M10: Marks | N10: 89 | O10: 67 | P10: 87 | Q10: 57
A11: 1024 | B11: Nikhil | C11: Mumbai | D11: Testing | E11: 58 | F11: 93 | G11: 30249 | H11: Female
A12: 1006 | B12: Sai | C12: Mumbai | D12: Python | E12: 60 | F12: 85 | G12: 28750 | H12: Female
A13: 1025 | B13: Akash | C13: Pune | D13: DA | E13: 61 | F13: 98 | G13: 31999 | H13: Male | J13: xlookup | K13: =XLOOKUP(1010,A1:A31,D1:D31) -> #NAME?
A14: 1007 | B14: Riya | C14: Pune | D14: Java | E14: 63 | F14: 90 | G14: 30500 | H14: Male | K14: =XLOOKUP(102,M8:Q8,M10:Q10) -> #NAME?
A15: 1026 | B15: Sakshi | C15: Nagpur | D15: Python | E15: 64 | F15: 62 | G15: 33749 | H15: Female
A16: 1008 | B16: Priya | C16: Nagpur | D16: Testing | E16: 66 | F16: 95 | G16: 32250 | H16: Female
A17: 1027 | B17: Manav | C17: Mumbai | D17: Java | E17: 67 | F17: 67 | G17: 35499 | H17: Male | J17: match | K17: =MATCH("Sakshi",B1:B31,0) -> 15
A18: 1009 | B18: Neha | C18: Mumbai | D18: DA | E18: 69 | F18: 100 | G18: 34000 | H18: Male | K18: =MATCH("Python",D1:D31,0) -> 4
A19: 1028 | B19: Aryan | C19: Pune | D19: Testing | E19: 70 | F19: 72 | G19: 37249 | H19: Female
A20: 1010 | B20: Ananya | C20: Pune | D20: Python | E20: 72 | F20: 64 | G20: 35750 | H20: Female
A21: 1029 | B21: Harsh | C21: Nagpur | D21: DA | E21: 73 | F21: 77 | G21: 38999 | H21: Male | J21: index | K21: =INDEX(A1:H31,27,2) -> Rahul
A22: 1011 | B22: Rohit | C22: Nagpur | D22: Java | E22: 75 | F22: 69 | G22: 37500 | H22: Male | K22: =INDEX(A1:H31,20,8) -> Female
A23: 1030 | B23: Vaishnavi | C23: Mumbai | D23: Python | E23: 76 | F23: 82 | G23: 40749 | H23: Female
A24: 1012 | B24: Karan | C24: Mumbai | D24: Testing | E24: 78 | F24: 74 | G24: 39250 | H24: Female
A25: 1013 | B25: Sneha | C25: Pune | D25: DA | E25: 81 | F25: 79 | G25: 41000 | H25: Male
A26: 1014 | B26: Pooja | C26: Nagpur | D26: Python | E26: 84 | F26: 84 | G26: 42750 | H26: Female
A27: 1015 | B27: Rahul | C27: Mumbai | D27: Java | E27: 87 | F27: 89 | G27: 44500 | H27: Male
A28: 1016 | B28: Aditi | C28: Pune | D28: Testing | E28: 90 | F28: 94 | G28: 46250 | H28: Female
A29: 1017 | B29: Isha | C29: Nagpur | D29: DA | E29: 93 | F29: 99 | G29: 48000 | H29: Male
A30: 1018 | B30: Meera | C30: Mumbai | D30: Python | E30: 96 | F30: 63 | G30: 49750 | H30: Female
A31: 1019 | B31: Yash | C31: Pune | D31: Java | E31: 99 | F31: 68 | G31: 21499 | H31: Male

Sheet Sheet4
A1: student_id | B1: name | C1: course | D1: mock rating | E1: square | F1: loc value | G1: loc(fn + f4) | H1: xlookup
A2: 1001 | B2: =VLOOKUP(A2,Sheet3!A1:H31,2,FALSE) -> Aarav | C2: =VLOOKUP(A2,Sheet3!A1:H31,4,FALSE) -> DA | D2: 8 | E2: =D2*D2 -> 64 | F2: =$D$2*$D$2 -> 64 | G2: =$D$2*$D$2 -> 64 | H2: =XLOOKUP(C2,Sheet3!A1:H31,Sheet3!C1:C31,FALSE) -> #NAME?
A3: 1030 | B3: =VLOOKUP(A3,Sheet3!A2:H32,2,FALSE) -> Vaishnavi | C3: =VLOOKUP(A3,Sheet3!A2:H32,4,FALSE) -> Python | D3: 7 | E3: =D3*D3 -> 49 | F3: =$D$2*$D$2 -> 64 | G3: =$D$2*$D$2 -> 64
A4: 1018 | B4: =VLOOKUP(A4,Sheet3!A3:H33,2,FALSE) -> Meera | C4: =VLOOKUP(A4,Sheet3!A3:H33,4,FALSE) -> Python | D4: 4 | E4: =D4*D4 -> 16 | F4: =$D$2*$D$2 -> 64 | G4: =$D$2*$D$2 -> 64
A5: 1010 | B5: =VLOOKUP(A5,Sheet3!A4:H34,2,FALSE) -> Ananya | C5: =VLOOKUP(A5,Sheet3!A4:H34,4,FALSE) -> Python | D5: 5 | E5: =D5*D5 -> 25 | F5: =$D$2*$D$2 -> 64 | G5: =$D$2*$D$2 -> 64
A6: 1012 | B6: =VLOOKUP(A6,Sheet3!A5:H35,2,FALSE) -> Karan | C6: =VLOOKUP(A6,Sheet3!A5:H35,4,FALSE) -> Testing | D6: 3 | E6: =D6*D6 -> 9 | F6: =$D$2*$D$2 -> 64 | G6: =$D$2*$D$2 -> 64
